8,7,12,39,-23,21,-48,38,-46,2,-24,-47,16,1,42,33,-19,-31,-6,-3,-7,-3,9,33,-15,5,-10,-20,-1,38,26,26,-36,-20,-28,39,5,9,49,-40,-10,-41,-41,23,-18,29,27,44,17,48,47,-5,31,0,-36,-40,48,28,3,22,-20,21,-11,-35,26,-1,39,-15,-22,-48,-23,22,-31,-17,-44,-17,-12,35,1,6,27,-5,13,1,40,-20,45,13,-34,-38,41,26,-45,-23,30,18,20,43,47,32
-14,-38,-28,40,46,-33,20,37,-44,34,-32,-15,11,-38,1,-33,28,-21,20,-14,-38,11,-33,13,-8,-17,15,44,-35,-48,-17,32,25,29,-4,39,-28,-43,-38,-14,-46,-13,2,0,25,-37,-30,41,10,3,-43,-50,40,-42,-18,24,45,8,-2,13,2,26,22,-46,0,-15,10,31,15,11,44,21,-33,-16,-18,24,-41,17,37,-22,-37,23,-17,11,45,-17,42,16,-4,21,44,13,8,-1,33,-22,15,-2,-50,-11
-36,24,15,1,8,49,-47,26,10,-25,-15,-5,28,-43,46,-45,-31,-45,-24,-44,-3,47,44,29,47,42,-13,-3,-41,-1,43,-9,22,-49,6,43,38,-23,17,-8,-13,24,25,42,36,-28,36,-40,-22,-5,-29,25,-47,38,36,-33,30,36,4,15,12,5,17,-40,-19,44,22,27,1,-48,-33,41,-12,33,18,23,-28,-49,42,25,-44,-24,-31,13,-22,-32,-12,34,-36,-11,-37,-48,23,-48,30,32,-44,14,10,42
33,2,-16,-36,-32,35,33,-4,-36,25,1,29,16,7,7,5,-38,30,29,30,-10,19,-27,6,-25,43,18,18,-26,1,-1,-20,2,-17,32,-26,-25,29,1,38,-36,37,48,-32,25,24,3,-29,-18,-1,-49,-19,-8,44,-46,-36,-22,28,38,-25,-34,-36,-28,12,-25,-30,-23,-17,25,-17,-20,-17,-21,41,15,2,20,-45,30,0,-11,-4,-14,24,0,-32,38,7,-22,17,45,-4,40,-24,21,-50,15,-15,42,4
-33,-10,15,42,47,-7,35,25,46,12,6,-34,-28,35,43,42,-6,37,28,-27,17,7,-6,35,-14,-44,-30,48,-1,8,-5,42,16,31,35,-26,-40,28,21,-40,10,25,-27,23,9,-10,12,-48,0,20,-20,5,-12,43,39,10,46,29,6,40,-28,36,-25,-13,-33,14,-1,-9,49,19,31,15,-34,17,12,41,-16,20,-24,45,-6,-32,-2,29,-22,39,3,22,42,-25,-23,-20,-29,30,38,23,0,36,6,45
34,-20,-13,-20,26,14,-17,20,2,-42,-4,-20,-2,-47,-29,-23,-36,-3,7,-16,-39,-24,2,42,-20,34,-14,8,-36,-8,44,46,-44,-48,-22,30,24,-45,-50,-17,-11,-27,14,15,-15,40,-8,13,-43,23,-23,-21,2,10,24,8,27,-5,-50,41,-22,25,5,-40,-37,-1,-26,-5,25,-10,3,-41,-3,-27,45,38,11,36,7,-11,-8,22,1,-9,-36,15,-6,-5,-22,20,-48,-21,-45,-42,-45,14,17,4,2,35
-20,21,40,1,49,40,38,-47,-42,23,32,-11,-8,47,-27,43,2,-33,-32,-34,-14,14,24,-6,39,-10,24,-19,-46,-33,48,-33,-49,3,3,-47,4,-4,-25,-16,-20,-17,-18,45,17,10,-44,-44,-1,27,-31,43,34,47,14,15,46,-5,12,8,-34,6,49,41,25,15,-12,38,-6,-30,-12,-45,41,33,35,-48,-19,28,26,-22,-16,18,32,-23,47,-46,-18,-47,38,37,-43,-41,34,17,-32,24,-16,-9,-30,-48
-43,-8,-44,23,-34,-6,19,21,39,38,-37,27,-29,-31,-7,-33,32,19,0,13,43,21,38,-8,-36,-22,-18,36,-15,30,19,0,-30,-46,8,-39,28,5,24,-6,14,-36,-33,-4,26,-22,14,0,20,-49,14,-11,-7,-37,22,-15,4,14,9,38,-38,32,-14,-42,-32,13,6,-34,11,-18,-11,-23,44,-44,49,29,4,-8,15,35,13,32,-35,-16,-34,-21,-43,-43,-18,-28,7,-36,46,35,-18,32,28,-42,-23,-37
47,32,-17,21,-31,-37,-33,-33,46,-8,-9,-22,1,-1,21,-4,23,1,-20,3,-21,9,18,27,-6,20,4,43,45,21,42,-7,-4,-3,24,48,-23,7,-38,-24,5,-30,20,40,38,-15,41,48,-36,35,48,47,-41,-49,-30,-13,-37,5,-24,-1,9,-26,-28,-26,0,48,32,-46,24,23,-31,-35,-11,-46,48,-41,38,27,39,-41,28,5,29,-40,22,44,-16,-6,-24,-14,34,21,-20,12,16,-20,48,-5,-10,40
-45,-44,-18,23,-20,-15,6,0,-45,-19,-41,-24,-47,17,-12,-9,-37,-12,-26,9,-46,9,12,-37,-5,31,22,46,9,44,-36,-31,-30,10,-11,29,4,36,-44,3,-15,-33,1,15,-38,37,-5,36,-3,3,9,-22,17,-44,2,-5,-7,-31,-23,-1,13,9,40,-39,-33,39,-44,-7,-22,9,36,-23,-18,20,-26,36,-43,47,-50,8,-15,35,-2,-44,-15,35,2,-37,-43,43,-15,-15,9,7,40,25,-23,-10,-3,-27
109,59,133,140,108,112,143,66,26,-4,11,135,121,14,-9,90,131,149,131,95,-1,49,109,112,145,139,39,59,25,141,91,116,68,110,9,66,64,-25,12,4,27,92,100,87,48,101,61,86,43,45,106,140,68,133,45,35,99,-5,144,119,48,58,16,35,55,45,41,-15,-21,75,0,130,112,102,43,57,98,-3,38,18,52,103,-9,129,9,101,22,85,40,123,116,43,-20,42,106,118,51,39,7,-22
84,88,35,5,112,18,27,104,44,57,139,78,36,47,40,73,121,21,-12,130,112,2,110,133,133,-25,54,110,128,-4,141,14,-20,0,65,-20,100,146,126,-17,50,65,87,15,47,100,53,44,54,87,-1,33,132,-6,128,57,127,51,22,111,114,67,126,22,65,100,72,11,132,34,123,124,45,-21,54,21,64,70,61,8,72,-16,31,15,147,83,31,135,21,-18,2,23,99,-11,19,133,89,40,99,97
73,121,126,69,-14,133,19,124,47,-5,80,132,50,61,58,-11,58,-17,9,76,60,103,9,88,111,41,30,136,128,14,126,62,139,12,45,53,39,96,120,136,-8,54,52,65,4,4,72,16,-15,102,38,123,-20,78,17,119,86,13,107,95,77,33,146,8,19,-8,143,13,-9,-20,100,111,13,23,58,-19,25,94,58,82,118,-11,125,1,125,-23,56,36,144,75,116,1,139,-1,33,108,58,19,20,-13
59,101,-3,71,118,112,-7,140,64,22,34,132,-19,82,103,99,129,105,71,-4,141,75,51,63,24,131,134,75,17,139,-10,18,138,6,123,118,119,113,121,106,77,146,24,-3,131,-16,27,50,-3,85,75,13,95,116,102,133,24,83,22,137,128,67,97,74,7,-10,144,125,108,135,129,-10,133,114,69,144,26,29,82,15,78,58,52,81,39,126,72,-3,54,140,68,11,66,134,128,-16,23,99,140,116
95,98,95,133,28,147,147,145,1,92,-8,108,-4,3,-9,27,142,119,108,55,37,-21,66,-20,123,-13,86,58,43,114,41,145,99,134,117,81,52,17,-6,2,-8,65,64,118,-5,38,40,123,128,65,108,146,43,121,55,91,7,90,-15,15,35,63,77,36,26,-4,-16,11,35,60,125,99,100,81,38,121,64,98,134,60,97,112,80,127,-19,44,76,127,54,1,49,111,7,128,116,78,138,2,67,149
95,61,140,48,139,-7,38,26,-24,79,90,-18,107,-13,18,100,72,57,4,8,48,9,43,77,25,145,97,49,126,134,61,118,100,11,108,85,102,119,124,73,73,-4,16,45,114,137,110,14,-25,8,20,137,37,-11,66,60,-8,38,-2,143,45,138,50,-8,-8,122,32,70,29,83,147,103,83,80,85,26,143,148,112,37,10,58,48,92,88,74,56,85,95,22,67,39,95,130,3,84,96,-1,27,141
1,134,104,125,3,105,95,142,130,90,-12,118,27,50,34,55,74,42,30,-16,68,12,112,76,18,123,89,95,46,27,24,102,101,65,-23,44,130,-7,74,131,127,100,44,-25,145,80,8,67,29,-9,-4,40,-6,33,-8,139,-3,2,81,29,-9,-25,70,77,41,36,-8,112,48,140,74,56,118,49,7,117,117,112,80,88,89,-4,40,30,6,134,83,43,47,-13,22,103,61,19,114,126,5,117,83,84
7,62,146,99,-9,138,136,105,-15,43,-11,25,127,-25,23,121,87,55,147,139,28,117,41,19,130,21,60,91,124,134,139,98,29,87,87,127,93,11,-12,39,27,112,-9,79,-11,79,73,12,-1,24,30,15,142,148,116,39,-5,101,118,120,52,20,130,0,53,40,146,14,37,46,2,51,41,82,86,65,101,111,5,26,97,22,67,75,79,99,106,30,121,22,106,142,42,18,137,-18,131,140,1,98
18,-12,11,103,65,-5,55,61,30,112,147,0,141,20,148,100,69,-12,4,50,-16,60,68,70,12,64,87,87,-22,10,53,133,91,13,89,-10,31,-8,83,6,124,130,86,-23,129,75,27,149,78,124,73,8,95,5,131,107,69,91,65,-25,57,118,58,-5,33,-12,58,102,81,133,44,51,55,148,76,4,124,66,90,86,11,88,-17,4,86,20,13,60,31,131,70,89,76,82,99,-19,47,66,93,116
71,23,146,55,81,20,79,8,-24,139,33,105,40,53,5,17,101,33,-6,72,-11,75,63,21,-10,26,52,-3,29,13,6,117,89,133,118,56,149,36,10,-9,133,4,110,-25,15,44,36,19,54,101,145,121,105,42,93,146,109,99,40,30,117,57,128,112,108,65,-9,57,85,99,18,39,-2,-22,89,135,114,63,-20,95,139,8,92,77,17,34,-13,21,15,122,97,24,146,130,23,50,25,147,17,100
183,131,180,222,43,132,248,233,151,61,191,280,27,12,158,214,94,225,116,244,182,270,172,272,24,88,-4,232,257,85,253,72,62,19,259,233,171,69,71,248,79,10,193,281,264,9,157,142,19,143,26,1,149,172,158,213,258,207,188,255,126,5,275,56,108,109,207,-2,53,224,33,15,143,167,155,161,67,191,-2,4,231,153,203,104,48,241,222,190,161,35,275,264,180,115,112,63,35,126,162,145
156,297,271,201,248,293,-8,143,25,135,34,84,180,278,290,213,31,129,27,234,156,120,210,57,233,172,172,-9,90,59,124,205,230,211,6,100,31,190,219,204,262,137,10,261,230,220,294,226,285,117,171,215,22,169,160,26,76,203,267,66,110,-9,42,266,1,129,153,269,262,180,171,141,209,123,271,8,100,249,127,3,177,246,5,273,187,208,172,50,40,280,13,127,222,143,83,260,85,43,249,91
275,85,173,269,13,76,81,265,117,28,214,190,193,114,102,277,179,285,110,112,271,25,-7,75,285,58,30,102,242,-2,133,39,224,276,246,35,130,99,276,11,83,284,-2,124,93,-1,47,25,150,-8,281,142,17,-7,154,240,81,87,284,254,35,279,12,109,195,165,266,216,167,56,136,69,-1,88,19,286,16,169,282,276,1,-6,251,240,16,290,11,221,112,-4,254,32,115,11,276,104,261,189,229,227
76,177,220,129,126,154,26,177,58,39,103,160,141,157,193,268,25,22,248,135,68,148,228,124,100,282,170,68,170,183,99,257,29,282,245,10,42,71,30,205,36,108,197,264,81,206,191,23,190,192,233,143,181,172,282,228,248,85,19,143,283,258,-4,174,240,146,121,159,211,173,216,253,291,32,89,259,251,263,32,193,81,137,177,278,249,255,66,156,-10,7,61,256,42,187,222,78,102,12,14,235
11,291,177,35,197,119,34,64,261,266,266,-7,20,133,88,203,-7,-8,198,244,224,215,102,-1,291,158,267,289,210,289,246,296,217,174,162,268,66,145,72,58,248,186,-10,11,30,37,83,109,69,53,236,103,62,241,65,95,179,167,43,28,151,45,154,272,9,270,76,145,271,120,126,148,219,129,295,27,214,80,269,244,65,148,210,147,42,132,223,275,98,56,78,198,92,33,206,193,22,18,-8,59
221,32,213,260,257,68,122,279,12,118,151,275,153,192,260,289,26,211,146,107,112,287,254,-10,112,200,168,290,-8,212,123,290,71,44,170,66,213,25,164,189,237,110,3,283,187,172,258,291,251,23,32,-9,131,40,263,234,77,212,138,47,199,131,276,100,294,160,193,99,12,183,66,-9,37,257,170,-9,273,271,103,239,241,177,28,269,169,122,149,20,81,235,289,-10,187,106,289,95,133,203,288,16
126,205,81,29,250,260,221,103,19,40,-2,66,-7,276,190,156,44,115,66,48,93,206,215,0,260,266,127,11,35,153,219,251,280,166,187,247,287,37,268,122,152,7,165,236,218,130,291,247,226,16,85,56,161,122,38,220,289,70,69,283,123,199,57,165,121,46,86,126,79,242,169,-4,146,244,195,75,30,279,82,119,275,179,85,9,58,153,80,148,117,267,257,206,267,284,299,252,249,-10,104,161
178,174,63,204,242,266,97,297,94,259,271,91,133,204,231,222,210,285,272,123,184,223,273,267,284,90,162,259,195,198,178,99,252,99,-7,180,209,288,-9,129,201,192,179,121,270,12,187,16,235,134,67,34,92,91,61,254,201,95,220,141,93,138,92,195,71,161,138,24,200,41,2,221,284,133,222,292,34,141,297,261,203,135,13,51,120,133,-4,150,27,38,278,103,58,149,25,53,90,284,39,98
17,298,32,72,100,61,91,134,196,48,200,203,74,286,235,182,129,207,250,184,146,112,51,21,187,135,160,86,150,210,217,32,248,207,221,20,48,198,245,252,6,154,-5,135,233,205,14,7,164,205,278,93,34,8,275,204,237,1,185,264,200,-5,283,286,131,158,255,166,55,204,123,231,261,297,167,292,106,215,88,281,111,142,221,245,231,114,298,230,231,6,83,37,2,281,41,1,170,9,-6,65
-1,94,97,37,284,73,83,296,124,166,188,208,226,187,2,183,63,-4,218,283,66,23,183,26,130,272,96,68,1,135,133,149,198,199,219,108,53,165,168,222,4,113,267,-4,84,43,208,188,-6,181,187,288,165,29,124,276,211,61,206,2,276,5,285,288,22,29,-1,17,268,193,119,198,128,296,269,252,56,177,241,77,53,207,63,119,247,145,284,159,64,242,197,291,258,156,245,298,128,278,273,45
196,5,69,70,188,293,46,1,228,32,22,128,142,-4,165,157,1,26,132,236,254,267,114,105,-9,68,298,8,244,46,88,95,34,281,75,279,215,279,285,266,79,277,1,19,16,116,176,82,70,145,71,270,53,277,275,229,191,263,68,109,295,27,57,172,243,227,84,160,221,186,241,21,41,166,146,276,255,84,79,174,192,205,237,88,274,118,32,56,-5,146,78,251,200,165,270,41,210,129,76,89
154,170,157,130,71,79,206,240,32,-8,167,84,197,149,104,-2,10,77,170,97,25,150,278,223,23,-4,55,184,25,210,266,220,222,16,259,5,152,56,178,222,289,288,292,74,241,9,52,151,109,252,291,284,184,236,185,-7,192,233,97,64,14,11,204,121,26,246,162,171,189,89,145,254,199,247,108,37,158,193,282,3,243,203,64,73,219,281,26,285,130,256,113,218,258,103,198,267,73,161,37,294
281,122,37,143,-5,217,64,146,229,44,285,86,39,14,145,131,138,240,63,1,84,29,299,219,254,130,118,287,240,159,136,-4,134,122,194,155,117,81,268,248,291,8,78,161,53,278,294,26,180,137,27,260,206,209,143,242,123,118,189,164,89,76,206,59,207,279,251,216,119,289,3,47,271,114,10,65,251,127,155,276,136,82,97,92,121,175,89,225,279,252,22,299,191,93,149,204,102,8,253,74
38,-2,224,242,97,211,49,144,207,17,97,286,116,161,132,258,58,118,201,101,226,76,147,56,256,166,193,198,145,183,12,214,2,194,295,188,58,-1,282,258,200,151,48,227,251,50,38,286,20,202,144,206,262,-4,268,261,150,157,286,231,7,150,299,13,-5,182,273,222,166,243,189,48,135,243,200,65,18,220,105,195,118,207,167,242,29,105,252,-5,225,24,27,201,12,41,241,39,151,24,222,58
219,168,135,247,48,12,154,260,81,196,207,-9,264,195,223,243,23,134,129,278,69,140,203,89,270,193,35,4,274,69,223,32,281,107,67,162,13,38,203,173,257,194,231,193,44,115,55,47,2,36,69,158,28,69,102,68,265,35,277,155,277,139,286,2,273,164,9,146,117,50,219,285,231,255,10,175,209,-1,35,145,127,288,-8,227,299,54,-6,202,-5,298,197,278,60,38,196,108,207,218,220,179
208,283,289,230,210,292,293,134,207,67,223,126,188,235,289,64,165,255,43,249,219,175,136,201,103,193,269,169,121,13,-9,265,197,215,252,76,162,41,178,177,280,183,170,16,149,121,76,164,-5,168,10,168,188,211,-2,23,137,78,117,6,12,114,2,184,65,257,228,273,283,203,202,114,67,166,269,26,-6,110,41,282,107,94,163,253,-8,123,67,286,206,218,238,74,223,162,154,155,171,286,250,192
157,162,188,82,176,181,96,158,169,211,280,158,291,229,106,49,122,184,237,-6,4,129,266,297,261,204,95,20,2,29,132,-3,77,176,149,279,167,138,179,51,261,51,155,264,184,216,16,82,160,225,195,165,105,-5,285,17,195,191,121,272,75,65,146,130,69,273,71,104,69,127,181,284,-6,176,32,253,274,-8,103,35,177,2,159,76,134,266,191,72,191,122,74,276,7,207,275,186,204,15,185,210
47,27,162,252,278,23,207,3,265,137,201,21,178,149,3,35,175,245,8,155,29,258,82,255,232,-8,21,185,59,126,190,285,167,147,107,21,0,98,278,280,192,231,90,200,141,231,50,193,70,276,18,204,197,284,139,89,244,207,9,275,-9,11,244,128,247,215,154,21,32,281,24,66,266,27,262,98,157,181,104,-9,242,128,105,82,97,285,78,182,-2,7,77,93,79,-7,278,170,286,261,252,225
95,213,296,6,297,13,93,66,181,184,287,113,-4,253,-6,180,242,111,206,281,256,291,179,272,27,16,229,186,87,85,13,236,1,134,260,194,112,276,26,291,217,173,128,171,53,274,185,193,160,135,80,240,118,25,239,103,23,13,278,270,83,207,279,85,160,40,102,162,293,100,57,265,74,214,54,73,152,-3,208,52,131,26,16,251,-5,73,108,275,194,146,160,89,297,56,197,0,193,33,0,3
161,208,294,150,16,237,111,8,236,57,76,220,0,236,29,145,51,292,275,167,207,9,122,224,234,96,47,234,136,164,44,15,165,6,251,194,283,48,26,69,258,268,224,175,70,52,262,107,298,271,212,226,36,172,152,141,75,60,216,219,179,176,171,62,3,50,45,293,284,135,162,-8,256,195,208,239,85,247,143,171,133,240,235,165,251,117,278,293,154,100,109,213,132,106,189,71,86,151,161,9
345,412,414,566,224,146,419,122,553,71,325,246,416,322,126,431,348,6,217,221,555,303,119,313,482,174,245,443,20,173,193,323,408,192,567,590,242,149,256,30,249,539,279,297,467,532,113,134,10,116,251,26,338,281,500,42,293,100,83,50,500,575,102,380,477,2,437,223,355,136,189,198,350,187,571,16,24,421,446,550,61,111,432,504,521,167,585,127,292,525,297,141,66,205,129,274,436,498,419,465
261,343,95,436,276,106,241,454,131,481,501,498,51,37,191,114,480,135,519,360,150,35,394,147,91,477,383,454,263,587,258,352,228,519,591,547,41,447,301,7,220,296,359,519,212,587,211,99,538,10,29,120,487,179,133,226,549,547,345,398,322,386,191,144,223,148,270,131,45,244,72,33,434,511,140,453,275,474,534,104,266,284,516,252,557,137,464,49,386,365,598,93,102,503,285,433,105,214,296,63
384,582,535,124,455,158,50,561,411,489,214,50,582,116,579,430,349,339,457,221,101,400,312,353,130,125,137,314,65,211,474,301,452,566,39,301,490,66,203,129,134,180,276,569,393,102,218,467,188,412,298,403,362,180,48,583,269,181,594,329,20,336,495,200,14,512,197,16,76,278,539,282,136,328,87,521,123,343,559,27,507,270,125,252,512,70,539,272,517,55,31,308,71,473,108,398,284,76,554,481
294,139,556,315,160,197,399,146,251,24,528,474,6,8,234,270,440,361,376,165,228,87,479,327,381,323,77,417,144,269,9,445,164,417,535,183,514,224,166,572,424,348,249,161,111,495,260,416,336,302,45,21,260,185,296,207,259,228,533,436,119,582,1,581,14,82,309,188,73,50,356,215,195,403,340,479,438,318,215,486,62,261,80,442,224,588,185,579,120,328,523,285,291,329,453,441,346,267,147,29
476,389,49,255,451,123,478,274,416,23,511,84,195,23,72,501,224,109,70,193,415,269,15,233,461,583,289,570,432,40,568,314,241,368,317,73,213,125,454,422,581,410,478,489,34,392,204,129,105,379,100,451,565,221,390,207,374,415,393,467,434,507,442,375,54,197,442,426,306,598,287,98,254,247,211,4,390,126,199,68,378,159,464,52,540,117,348,20,578,110,299,398,331,586,588,74,568,102,434,437
241,503,469,303,280,564,570,15,122,355,61,109,480,387,196,166,515,250,308,103,165,223,103,571,263,441,74,44,219,143,342,151,435,471,409,420,98,163,209,264,425,591,334,168,404,89,436,350,6,108,26,510,287,434,488,18,399,497,39,439,489,526,395,578,12,509,273,8,577,376,68,351,40,43,277,173,489,535,167,173,4,324,38,111,117,432,464,1,583,390,20,200,123,370,374,499,196,355,156,494
584,585,102,507,448,131,94,458,233,476,581,121,526,491,0,498,307,387,493,469,565,506,262,349,453,524,258,411,137,525,530,346,105,378,562,191,413,427,484,308,388,87,223,31,184,474,452,66,475,598,341,316,281,131,334,78,322,353,54,524,473,283,320,307,546,235,15,148,529,409,84,480,502,185,81,478,282,231,165,578,72,191,535,139,184,213,65,573,44,484,468,60,372,560,435,105,366,516,85,549
381,294,218,71,142,580,77,180,77,266,475,589,358,93,202,289,229,356,33,444,4,140,528,252,480,167,31,337,458,206,513,111,544,12,303,523,84,98,443,212,308,40,107,6,194,432,413,33,427,25,416,161,296,449,445,240,366,565,191,574,549,339,322,471,352,363,44,345,390,279,205,130,513,420,136,564,33,522,58,48,354,597,510,432,390,351,415,94,167,63,156,118,507,468,263,568,317,236,253,431
350,100,11,47,380,384,280,496,362,328,5,215,387,297,165,104,89,91,413,474,321,71,308,301,178,573,159,160,509,386,174,162,132,234,556,128,488,285,351,220,99,470,53,108,346,480,203,335,444,242,202,126,584,541,180,279,391,310,468,406,224,120,586,575,153,442,83,153,341,36,215,404,340,193,374,450,17,200,554,298,370,424,315,266,184,47,177,191,54,277,336,178,417,544,595,578,483,78,554,503
169,505,541,588,339,60,44,53,448,50,180,480,544,13,254,27,334,309,579,192,325,114,461,13,416,47,360,342,354,206,376,598,57,210,184,94,434,231,163,593,443,330,162,469,327,190,91,533,445,408,21,419,513,365,302,55,43,527,172,292,300,301,299,241,273,181,423,334,429,160,192,102,146,585,349,594,552,592,286,226,556,426,497,545,184,557,85,291,507,129,50,507,58,470,292,141,31,520,195,146
409,524,506,122,69,487,54,385,425,177,94,156,514,173,325,112,71,445,530,197,266,158,336,346,32,244,60,400,484,464,307,137,412,441,24,132,154,505,94,558,384,363,143,438,330,291,19,50,52,147,161,141,85,298,195,251,187,159,90,424,426,254,501,561,469,557,344,72,148,192,558,166,350,572,412,503,15,497,15,341,224,9,348,336,302,166,51,114,246,373,545,594,415,269,131,130,461,181,569,373
94,231,282,1,138,251,568,63,164,340,522,84,274,25,6,0,437,230,253,109,503,24,515,171,220,497,10,563,82,14,591,499,162,519,205,292,370,504,91,442,470,186,215,118,105,96,268,247,329,9,141,401,36,417,127,69,315,110,381,240,241,5,581,150,348,23,522,354,419,313,230,533,138,411,238,316,409,397,66,123,229,362,233,72,473,190,462,344,392,136,577,259,122,450,200,465,205,65,370,82
182,463,74,11,118,454,377,123,539,270,71,450,44,396,55,432,125,161,446,578,200,491,37,170,423,599,119,197,426,256,268,465,329,171,406,324,10,543,374,209,533,567,471,183,438,53,485,324,316,9,540,480,211,182,76,291,426,504,188,119,335,179,296,283,1,205,121,473,590,330,422,181,387,237,44,232,19,453,332,370,113,395,481,417,316,388,254,147,94,115,498,105,355,254,474,353,271,188,181,232
566,76,362,522,426,472,330,437,523,209,557,181,57,435,577,276,523,199,159,524,104,449,407,114,228,44,312,509,556,146,130,14,86,315,93,554,33,353,38,42,203,131,270,419,424,32,396,491,385,546,296,228,353,249,412,117,269,248,294,382,160,421,480,377,79,542,95,341,342,23,243,170,161,117,320,572,178,587,289,195,247,420,123,10,449,502,261,436,502,576,284,384,58,256,482,382,251,493,340,482
266,549,364,272,190,594,452,448,90,92,387,36,333,574,566,244,32,178,360,462,288,572,119,531,429,135,302,97,267,293,54,279,503,506,191,439,226,91,53,512,452,435,589,443,159,524,509,527,412,140,350,586,567,364,587,293,429,433,443,55,292,355,181,397,38,107,133,427,382,126,17,541,125,447,9,452,582,276,371,504,226,374,284,126,543,67,311,138,518,498,9,392,247,597,220,97,254,192,404,51
461,241,292,460,388,175,554,501,541,197,249,118,411,33,560,84,27,444,598,599,426,542,524,392,161,296,450,594,430,443,310,315,398,349,490,181,269,196,359,224,20,201,90,80,276,505,80,386,519,473,481,269,196,246,470,519,316,500,299,91,324,559,71,97,487,533,319,62,142,379,414,430,85,374,578,224,452,443,115,255,216,63,75,556,562,40,119,151,478,571,464,369,497,267,499,61,129,592,193,342
102,381,239,337,58,275,190,259,379,594,449,106,354,116,80,165,23,200,596,172,21,211,92,233,100,385,275,161,531,47,38,71,176,514,168,307,480,59,324,148,150,86,366,205,197,540,213,155,141,449,325,140,261,336,595,491,289,5,237,273,599,29,328,331,556,377,530,440,547,373,285,563,476,447,22,534,444,486,36,160,171,119,20,81,322,497,410,439,518,277,18,474,422,51,148,121,358,35,248,419
357,573,410,376,209,14,492,363,217,221,170,220,555,3,175,112,563,570,62,543,22,189,97,238,192,304,433,549,32,571,462,3,539,33,228,382,447,236,532,411,441,43,120,184,287,189,329,272,471,12,501,586,22,471,70,168,475,172,183,504,181,543,330,246,358,167,280,522,374,392,264,327,37,250,102,578,68,513,550,3,575,160,77,20,69,476,580,67,562,60,507,275,53,28,230,497,313,474,426,120
298,219,304,334,433,596,356,402,148,80,547,150,121,352,146,540,588,478,480,178,281,488,518,338,589,547,434,243,45,381,512,464,52,436,547,66,21,403,356,370,491,576,61,231,318,233,343,172,128,310,375,398,486,371,599,409,300,566,345,486,162,112,356,367,168,82,98,284,404,79,518,184,122,109,286,305,426,287,20,355,203,261,114,335,5,113,578,280,437,138,366,55,58,470,208,379,219,294,63,235
95,53,420,366,191,443,203,158,520,291,202,424,197,400,27,592,112,95,573,100,59,279,348,530,399,550,339,424,21,572,124,245,418,376,549,454,248,30,296,251,188,52,185,39,518,368,55,307,485,488,344,162,331,154,123,415,305,489,567,240,103,378,137,547,167,556,6,420,451,173,343,82,399,322,511,7,94,309,11,30,495,31,539,132,228,562,514,263,253,133,149,358,63,56,147,409,515,238,471,561
77,254,508,439,80,201,296,471,243,116,435,317,64,348,328,463,498,41,599,284,358,247,472,551,77,288,514,122,329,584,236,346,255,269,174,440,488,168,269,522,223,536,118,83,313,147,472,158,275,523,224,480,352,402,467,429,382,556,362,391,287,174,142,259,480,89,61,395,173,487,574,330,371,77,61,422,129,388,238,529,415,355,446,406,359,355,593,453,401,344,58,532,406,478,234,48,394,459,203,223
251,560,259,231,229,345,265,291,435,84,125,319,353,452,266,129,405,132,569,29,329,441,496,349,388,364,73,81,557,348,337,164,276,99,98,113,522,530,359,513,79,239,499,486,407,198,458,260,509,317,212,306,80,78,367,410,64,509,442,465,271,184,333,86,347,560,42,254,354,152,206,475,372,56,549,90,542,10,541,190,506,413,171,240,135,31,84,198,331,288,49,12,87,494,241,495,505,412,139,446
430,147,419,17,11,462,161,415,122,580,449,328,347,427,376,354,142,593,207,193,147,103,405,212,125,202,423,146,230,107,88,493,399,201,290,466,376,157,159,335,56,197,162,157,532,230,542,540,176,322,74,470,545,336,597,326,341,206,491,409,39,14,185,15,491,556,529,145,136,509,577,585,434,472,136,549,540,248,279,495,259,483,570,507,33,218,548,63,203,563,125,169,265,350,295,41,12,147,265,576
398,181,452,72,272,257,468,378,303,78,42,30,230,193,395,521,212,296,144,543,518,198,31,416,415,191,80,222,280,194,389,227,50,472,391,216,57,231,534,280,6,311,556,95,290,586,330,482,166,273,457,439,88,223,579,200,149,36,256,80,177,246,97,108,288,414,580,358,402,179,463,581,361,463,537,207,241,535,125,428,461,197,56,7,337,550,139,426,493,190,66,21,574,453,103,359,213,447,407,476
69,499,500,20,524,559,173,546,160,274,168,170,106,74,477,539,579,157,278,70,7,330,130,475,92,52,396,356,194,508,7,186,212,392,457,371,506,189,272,363,341,580,359,499,570,156,115,15,219,150,444,61,54,373,478,338,369,25,528,472,163,417,352,252,267,581,557,314,216,105,33,390,485,514,328,26,571,230,505,535,536,381,137,43,63,545,132,439,513,118,2,480,261,399,199,524,228,106,232,588
579,431,80,28,424,33,101,93,83,232,556,45,479,108,423,397,413,426,594,394,504,451,500,38,339,266,55,327,431,190,576,310,50,407,581,141,9,103,569,225,502,253,513,386,309,274,378,342,90,467,112,427,316,357,580,128,531,41,289,158,578,374,262,492,256,246,595,71,126,281,387,309,457,368,492,250,537,113,329,65,488,313,236,563,77,148,593,292,427,453,210,568,414,410,247,127,591,21,130,63
247,22,576,142,584,44,579,404,360,343,165,447,496,485,511,83,133,272,310,98,176,526,460,119,451,46,583,300,367,393,400,394,516,421,299,154,201,42,184,104,578,104,288,570,69,347,482,443,590,231,256,105,494,536,346,321,161,457,291,538,60,279,36,566,542,370,531,74,185,357,481,91,87,206,120,72,238,490,50,104,164,140,310,136,137,294,500,579,75,578,593,343,351,246,44,299,67,321,27,298
79,374,528,168,556,450,583,479,414,181,327,248,392,246,2,148,72,378,115,319,326,182,407,280,372,200,357,563,554,408,588,138,117,324,34,343,105,28,136,6,553,390,225,12,139,459,444,441,66,158,166,520,465,32,324,496,566,248,395,355,93,19,524,5,193,189,131,67,211,258,42,43,242,108,365,536,556,394,140,513,356,515,497,395,242,67,273,84,0,137,376,457,233,380,513,533,465,220,419,550
280,578,256,166,503,161,289,307,116,526,557,217,472,251,578,553,380,162,466,304,304,562,446,131,46,458,417,129,522,460,312,339,173,474,145,14,467,11,295,71,135,22,374,447,375,266,254,422,142,420,435,238,111,22,335,318,132,124,120,44,344,159,385,255,213,217,44,597,105,564,85,369,467,395,168,281,187,599,356,380,204,594,587,101,24,74,227,151,138,427,481,343,490,250,327,576,237,118,233,158
426,346,293,411,480,340,549,571,256,419,383,474,67,502,66,53,150,578,161,562,259,164,25,227,108,564,401,353,306,482,338,323,202,104,367,56,549,276,507,304,400,365,28,4,306,438,258,446,3,96,62,75,223,366,376,261,321,66,302,516,539,195,264,373,81,60,271,562,135,10,104,473,70,456,161,493,136,21,521,269,306,555,350,209,420,263,99,436,328,105,335,483,573,590,365,204,101,255,523,246
524,452,43,407,326,26,556,115,244,92,9,580,252,462,513,334,594,505,26,296,113,356,294,375,66,486,176,9,223,518,132,148,439,357,532,275,112,434,351,194,115,384,493,474,47,595,13,229,360,392,5,47,360,332,459,167,158,268,340,440,450,546,492,325,559,460,140,494,530,237,222,159,154,432,180,329,463,420,327,71,472,546,248,430,513,85,388,106,498,364,117,443,93,511,343,169,492,167,514,186
416,366,569,342,263,118,537,213,586,275,413,111,195,232,167,207,500,332,561,502,134,116,287,452,99,220,291,445,440,566,495,136,266,597,168,34,532,80,586,547,433,394,116,356,236,369,201,197,121,232,263,239,36,521,487,299,78,116,242,42,427,91,372,20,380,276,445,197,64,132,274,420,345,14,69,340,599,530,215,330,19,93,324,207,303,255,100,345,110,468,555,415,437,543,119,341,21,96,576,560
344,357,455,129,185,249,296,563,251,23,248,215,288,371,146,150,415,36,578,187,158,414,457,226,281,422,389,430,52,410,31,217,342,99,247,583,188,398,182,213,42,547,459,172,471,284,163,9,441,19,260,86,97,219,118,529,500,229,448,362,460,465,511,440,591,31,473,188,124,163,562,17,454,365,144,210,555,284,355,597,259,379,589,33,150,545,120,122,581,317,82,558,549,419,352,177,36,18,181,439
253,112,598,463,382,525,585,527,300,502,598,520,329,562,506,147,121,57,555,106,100,164,58,494,75,416,235,323,56,433,278,166,238,91,272,113,242,174,506,528,296,423,0,411,319,100,455,44,445,100,153,87,94,45,340,89,54,104,387,565,289,262,470,466,224,432,281,238,290,393,505,546,150,26,409,277,163,246,175,574,561,191,477,556,280,191,72,192,350,182,59,138,386,540,239,34,553,133,187,486
420,243,33,44,263,343,483,256,36,56,50,480,186,229,567,332,2,192,256,303,583,548,180,466,589,316,581,44,494,6,24,438,160,342,309,146,373,290,72,599,597,590,257,468,217,182,299,291,349,452,580,307,481,244,21,472,62,167,54,547,362,439,361,30,31,212,319,443,519,420,559,311,119,256,306,593,290,311,249,406,16,289,295,42,25,317,556,516,321,437,84,205,235,125,237,157,228,227,436,4
548,420,133,348,550,505,202,281,167,420,64,343,400,287,122,339,239,316,131,320,112,416,555,419,395,28,189,428,582,245,363,78,90,130,314,381,327,534,61,468,255,172,105,207,263,527,314,470,206,418,287,332,192,465,309,132,464,313,553,522,316,374,298,521,57,585,253,270,573,341,11,305,255,263,65,539,311,347,156,467,313,318,221,163,558,30,486,224,421,182,516,14,580,138,151,481,474,183,150,277
374,502,470,20,168,163,498,1,244,557,47,412,164,124,592,19,248,526,20,440,110,360,108,397,161,542,176,100,457,571,497,387,190,455,378,370,208,550,447,259,96,534,433,119,15,219,573,263,471,567,299,463,72,460,398,13,394,72,458,226,587,397,143,273,59,259,221,309,346,221,411,298,79,360,343,175,527,588,382,542,569,512,228,490,271,34,314,330,56,365,576,135,91,220,271,298,391,160,60,355
94,535,259,560,9,305,320,50,581,213,81,194,166,514,572,303,443,207,264,260,205,489,122,458,10,125,561,212,71,394,379,521,467,130,347,363,375,215,594,44,59,51,438,262,32,599,53,527,62,434,165,104,165,113,138,204,412,401,550,483,344,107,579,186,434,159,327,35,167,209,527,227,213,220,201,154,50,459,426,11,72,34,150,236,229,275,356,353,591,143,550,574,265,110,299,551,71,252,428,472
127,462,257,348,535,529,135,352,302,237,483,526,478,582,311,56,361,550,236,277,226,546,440,46,171,298,20,593,245,383,355,474,12,190,562,422,505,261,430,569,410,248,593,206,87,503,387,209,370,144,17,277,176,425,292,181,21,211,177,236,508,142,106,519,482,8,513,287,19,488,151,100,119,266,466,577,552,234,558,267,511,411,222,101,365,77,298,187,497,381,401,293,84,193,60,268,141,74,324,78
234,571,354,118,244,21,59,394,388,343,49,178,557,171,583,265,8,351,501,577,177,121,108,66,140,201,423,347,535,483,265,112,182,478,309,576,68,365,155,442,377,218,337,38,218,479,546,155,235,147,97,139,224,345,375,113,462,287,578,43,197,311,459,505,78,536,595,79,461,6,196,243,195,59,199,559,383,70,448,261,255,268,112,388,386,125,487,436,103,195,113,380,387,112,244,65,358,432,559,281
299,586,190,350,192,355,104,366,396,536,505,110,169,182,512,98,279,37,215,546,160,577,244,271,203,197,48,582,195,552,440,507,230,319,171,414,35,469,57,51,393,574,474,100,141,355,270,190,119,198,586,116,364,259,311,321,341,519,146,595,307,121,170,443,95,598,479,450,11,97,62,410,579,163,153,185,103,144,129,448,527,457,463,596,566,324,143,571,8,450,73,116,322,62,343,271,404,30,5,143
318,11,419,339,484,278,314,303,565,595,316,439,27,142,173,50,392,483,521,456,85,186,502,387,461,83,195,117,558,159,42,66,196,322,464,432,509,221,301,17,309,422,304,34,191,316,372,140,119,158,14,397,407,98,365,131,109,31,478,401,83,197,345,406,553,249,243,305,278,341,141,171,181,504,146,262,482,468,196,145,311,54,597,399,144,245,259,97,556,332,323,478,343,500,534,112,76,498,80,542
449,146,591,102,231,486,471,364,425,358,114,260,270,398,290,363,253,476,540,573,546,289,233,256,211,537,134,173,216,66,302,320,553,570,435,96,553,521,456,23,12,351,384,309,141,41,381,591,119,169,194,390,585,548,75,159,512,335,491,294,351,297,147,359,55,393,306,299,562,193,409,331,20,516,561,194,505,524,114,170,155,143,54,46,471,511,335,5,494,275,184,218,29,162,272,315,203,24,253,348
318,581,2,505,597,412,96,491,538,227,403,213,597,242,208,362,453,108,330,371,468,31,251,66,385,549,530,256,285,267,176,356,21,203,49,422,297,399,537,488,491,416,520,577,87,104,158,375,580,141,183,212,544,562,367,287,330,536,120,47,482,439,206,270,51,46,191,394,193,386,65,54,170,441,479,51,111,274,579,280,391,155,276,143,84,563,412,59,435,362,92,361,279,490,6,52,210,250,525,40
44,168,163,303,24,9,70,473,420,327,465,546,323,491,288,279,588,164,318,559,371,415,33,342,59,17,105,163,465,465,82,442,170,556,204,554,587,62,456,466,546,306,464,337,397,288,4,8,44,356,467,267,25,71,181,229,135,420,244,6,503,506,7,554,245,22,375,367,286,333,292,525,308,451,13,65,550,295,545,370,12,97,118,109,598,414,417,98,374,574,419,166,418,449,562,39,298,509,91,374
140,289,333,488,370,71,83,223,283,505,315,463,399,268,323,342,101,438,428,555,497,420,320,72,202,570,547,484,137,142,311,577,101,37,344,125,84,284,86,66,5,198,478,103,489,25,294,205,514,424,262,571,457,431,543,320,569,260,286,399,123,199,85,140,194,338,362,362,523,197,257,416,351,361,550,299,542,217,182,177,276,341,570,313,479,339,119,270,94,24,155,424,598,287,542,406,113,338,508,150
571,375,110,595,161,54,584,26,128,498,446,13,136,193,156,201,431,4,308,419,359,329,515,301,60,328,566,590,569,219,378,252,298,472,501,162,323,412,195,215,348,438,186,142,592,461,438,262,3,31,288,520,536,588,418,242,460,409,534,433,87,593,56,509,120,194,315,264,291,593,478,18,408,92,70,520,142,372,308,199,489,304,587,538,530,457,315,309,53,259,302,514,478,362,128,355,382,277,22,397
434,69,189,109,307,304,357,131,527,59,190,285,417,492,312,15,280,282,387,287,569,135,186,349,103,543,497,479,256,231,265,269,372,534,88,224,232,51,106,432,82,334,571,76,242,402,394,452,71,472,23,127,437,467,0,298,483,440,5,364,406,477,475,295,393,521,512,482,403,88,383,229,175,555,204,235,164,110,106,300,148,44,408,383,208,138,431,505,534,389,340,391,45,342,25,205,458,275,282,321
262,558,549,551,141,168,205,116,317,124,595,216,290,40,297,293,16,67,455,541,58,104,181,217,506,522,52,118,361,130,100,427,299,481,185,402,525,155,119,581,258,305,194,180,291,69,386,320,334,403,193,263,330,540,67,158,377,331,45,219,116,87,354,186,23,168,517,408,454,495,368,461,547,474,283,353,510,0,526,437,135,332,383,557,536,437,96,358,414,27,25,193,110,500,465,170,550,7,157,122
418,595,449,373,447,204,306,287,223,366,346,165,499,45,480,423,555,433,77,147,218,258,483,419,201,411,198,446,448,358,253,38,345,471,45,11,394,125,260,104,200,23,447,478,372,214,249,598,193,349,518,487,249,199,463,160,111,29,172,36,5,460,439,464,113,307,420,27,0,469,29,429,173,572,547,195,410,5,46,587,161,200,253,99,439,365,389,145,8,485,499,364,553,223,98,340,183,583,364,65
155,77,201,463,491,45,339,284,28,318,176,437,410,41,488,597,234,311,513,517,313,55,186,195,538,325,226,597,51,46,76,133,404,514,123,316,471,268,246,187,114,118,54,9,56,190,155,457,557,28,560,35,494,385,136,99,490,5,524,166,419,342,233,581,242,43,32,495,517,172,126,566,64,325,403,195,0,176,138,347,169,369,39,23,85,41,239,18,377,23,425,465,343,80,368,372,485,72,367,13
401,250,433,138,275,91,256,227,117,372,567,386,406,141,39,20,210,403,223,253,495,590,433,376,153,425,331,522,318,154,525,282,408,321,466,35,514,279,40,281,387,504,270,510,32,126,524,180,547,576,141,185,573,431,17,411,416,57,585,450,360,334,509,562,447,284,578,85,274,4,106,531,362,541,465,591,319,522,344,26,501,150,575,341,13,339,308,576,303,55,218,456,294,189,521,53,595,307,63,347
248,342,490,507,248,403,8,488,370,369,37,191,22,238,469,165,288,13,561,330,284,539,254,195,300,373,187,547,416,531,587,379,469,460,64,452,17,35,408,166,202,319,204,340,519,110,576,495,114,377,525,448,286,491,406,309,87,294,207,474,216,60,72,439,382,257,321,161,173,17,148,253,204,395,127,564,335,514,275,189,397,292,433,38,5,139,92,578,54,355,364,322,428,533,550,142,247,364,557,261
543,268,33,599,526,537,541,255,436,248,549,94,195,390,571,394,292,136,251,52,346,212,13,35,92,416,84,368,495,261,34,504,381,495,358,399,7,152,580,306,554,131,153,475,149,59,524,360,532,526,76,153,289,206,475,330,255,597,506,109,452,172,360,174,214,44,312,300,31,172,386,140,156,544,98,214,58,137,486,32,491,324,436,568,185,480,215,174,19,27,143,10,245,470,453,382,371,579,261,104
89,57,541,207,95,13,481,429,220,179,506,409,334,410,338,456,137,541,358,246,552,299,380,520,215,233,157,164,282,401,580,575,262,356,117,412,97,173,6,205,599,431,406,440,386,450,257,342,410,153,452,408,109,243,563,390,277,20,591,461,455,317,146,419,198,531,147,577,292,525,358,563,534,152,247,120,492,540,134,365,576,414,353,129,548,172,465,18,393,327,135,76,182,145,350,282,284,587,241,455
529,342,16,70,118,136,97,96,104,151,375,207,442,152,449,320,460,471,54,380,115,370,218,583,514,126,132,175,390,473,568,431,310,86,255,334,338,448,101,91,473,129,450,575,4,210,457,148,189,531,284,151,30,495,249,158,124,32,155,592,4,522,305,231,182,544,497,356,497,115,582,12,369,563,507,586,519,242,579,303,268,584,585,459,188,416,401,414,437,96,210,305,292,109,87,550,423,219,392,59
266,86,137,153,388,578,22,304,595,65,226,450,83,492,404,378,255,138,118,356,493,440,583,554,385,591,520,120,360,528,281,130,7,311,86,538,283,518,347,246,466,528,267,526,224,233,471,433,450,420,201,81,314,136,252,426,102,182,368,397,57,502,543,67,383,95,443,372,405,466,94,336,391,471,489,564,172,57,330,152,120,87,270,540,327,200,415,471,58,260,435,101,150,550,188,563,585,200,142,128
421,291,543,387,306,236,125,448,94,575,347,300,131,204,172,527,54,40,119,466,73,111,276,556,134,249,18,504,113,65,196,346,580,86,34,542,451,63,475,423,431,298,391,37,47,593,90,259,110,272,87,394,46,249,186,310,14,587,252,56,218,221,334,29,378,0,319,44,170,230,75,590,165,296,35,374,319,238,508,141,158,358,393,440,578,401,300,331,500,324,527,464,411,418,204,210,563,362,259,46
61,131,516,29,359,572,169,465,77,514,534,584,279,215,345,348,377,201,504,283,111,266,344,471,109,586,241,473,278,409,115,531,129,18,463,269,26,264,99,183,386,197,561,425,85,215,346,75,205,284,446,391,577,104,534,395,386,44,520,372,330,296,186,267,399,3,454,260,352,76,322,113,101,320,497,514,304,519,385,493,239,166,267,594,563,323,553,24,83,68,483,581,343,327,453,89,10,294,26,82
332,448,430,561,149,425,320,446,320,555,129,318,95,197,238,122,328,280,481,587,400,326,110,214,542,32,193,55,329,498,104,276,370,554,121,390,222,250,91,171,382,586,36,266,268,595,28,61,103,44,233,454,21,156,526,5,338,215,19,117,231,264,117,421,450,453,548,141,75,448,500,77,188,310,204,414,290,443,545,546,3,132,552,284,265,250,254,214,27,115,51,6,231,574,540,118,469,214,416,414
