21,11,9,32,19,-8,39,29,8,-21,-39,40,10,-20,-5,-34,-1,45,17,-18,29,-16,-11,28,-12,-32,-42,-24,-20,16,-41,-46,-34,-43,32,-30,35,8,-12,-28,-25,2,-31,10,-4,-14,-24,-20,-33,-49,-48,-11,-23,-19,-7,-13,-28,30,-7,1,-17,13,-1,41,-30,-43,24,3,-2,-25,-19,41,7,-6,-43,-23,-36,29,-18,-48,42,28,-42,-22,13,19,27,34,14,-5,48,-45,-36,36,38,12,-47,-23,-10,-11
6,-34,-45,-38,-48,-48,-41,-10,17,26,21,-25,35,37,47,11,-25,-49,-20,6,-29,-12,25,-36,33,-44,26,-7,35,-23,-41,30,-23,-43,2,0,4,-46,42,-4,-28,-29,-39,-20,48,32,-15,33,32,45,20,-13,-19,15,-29,-33,-9,41,-21,46,-25,15,5,-11,17,41,47,27,-15,-3,-44,-29,-42,34,-17,-50,-23,-6,-34,-49,21,43,10,39,7,21,-2,12,36,-16,-41,13,25,46,-30,7,15,21,12,-44
39,-16,20,-11,10,-25,5,-27,41,34,-35,-42,-6,-30,-15,9,11,-19,45,4,-19,-36,-38,-27,-8,-46,-21,-47,-6,15,2,-43,41,-29,40,11,-11,2,8,-31,29,24,17,3,10,-43,10,30,12,6,-13,9,42,-30,-13,24,-29,-3,47,6,46,1,29,-25,-19,-42,-33,-28,-20,24,-31,-42,22,26,25,7,-3,9,12,-15,-6,-2,-9,37,-23,43,-36,21,34,-35,-11,42,5,-48,-28,-23,45,-9,-29,2
9,-10,-21,45,-47,13,-5,-19,-35,-38,16,-47,-34,-38,-36,-39,26,-32,-41,-34,41,19,-4,-35,31,4,3,-14,38,42,41,-32,-33,-30,45,38,42,-11,-42,31,-50,39,-34,-6,47,36,-26,-23,38,-4,14,30,-28,27,36,40,44,-36,-37,-1,-40,-41,-7,-27,-30,-3,35,46,-33,-24,-32,-14,-40,-22,-34,-48,3,-49,-32,45,-21,-25,-2,-9,-23,-40,46,-10,-17,-45,44,28,-24,8,21,41,-5,42,-27,-1
-37,40,9,35,-28,11,-45,-17,-19,-30,7,-20,-38,22,5,1,-8,16,9,-36,-34,-6,-24,-7,-22,29,-26,-26,26,6,9,-30,15,24,-44,-4,6,-46,-48,12,-45,12,6,-24,-13,-39,-4,46,-22,-26,-7,-17,37,4,43,19,13,-34,7,-7,-13,30,7,25,10,-13,14,-13,15,-42,45,-12,13,47,-41,4,37,-50,-45,-34,-18,-23,45,1,-38,-25,-18,-39,30,-13,32,-10,-4,9,-26,-26,-45,31,15,-50
21,-42,16,-31,38,-33,-40,23,20,-39,26,4,-34,-13,-26,37,-36,-32,12,30,-47,41,-43,35,8,6,4,11,12,41,37,-5,3,22,-10,42,-11,-41,2,47,-8,16,-34,-9,-44,16,-47,-29,-47,-42,-26,5,20,-39,20,29,-50,30,10,-19,12,-2,-40,29,-27,-20,-50,-7,46,-19,-3,-45,16,14,-12,-13,25,16,29,42,3,-17,8,4,17,-19,25,-8,-48,10,41,9,-2,-30,-15,43,5,-14,-33,25
-20,10,-3,-16,-38,6,-15,10,33,30,24,-26,10,39,24,28,39,-19,-37,-32,-11,-31,-42,44,9,15,-20,40,9,-8,-38,42,49,18,7,-23,-17,5,-31,-17,-29,-39,21,-32,-21,-2,1,35,46,-30,-29,-26,1,31,-30,-39,1,3,24,-3,-24,-5,-49,-9,18,32,-25,42,-19,-4,-6,-16,-38,29,46,-23,-2,40,14,-39,-37,-6,44,-11,-30,37,-10,-33,-3,-4,26,29,31,21,-43,26,-40,-20,0,-3
10,-10,39,30,26,-6,5,26,-13,38,-9,-15,-35,-31,-28,0,36,-34,-1,-40,48,-11,45,-1,-23,33,23,-3,-34,28,-33,45,-6,-38,36,-39,14,49,-38,-8,40,45,40,39,-40,21,-12,42,43,-44,-45,-13,31,21,25,-29,-6,-10,2,43,20,-42,10,8,21,-4,40,-47,-18,-39,36,37,-46,-43,-30,-48,-2,-44,-12,6,-6,31,4,-41,23,29,-37,23,-14,15,16,-26,-3,-32,22,31,-15,-19,-33,14
46,4,-19,-15,-3,27,15,24,28,2,-37,46,-9,31,49,43,23,-50,1,18,-49,18,-13,-6,-41,-43,-2,-4,15,-19,-14,24,-33,44,-22,-6,-4,-2,-22,-48,34,45,-37,-31,-25,4,-1,29,-30,-13,43,8,-10,-1,34,-22,-33,36,-25,-10,-22,-32,-41,-3,-34,-12,29,-3,3,5,-3,-26,22,-2,33,-44,4,-33,-31,5,7,19,-25,-23,-13,27,-16,17,-41,49,-23,9,-28,38,24,16,35,16,-48,36
-25,-47,-35,-7,10,20,-18,22,34,22,33,45,2,44,22,37,1,26,-45,5,-40,-40,-24,-29,25,20,-38,-37,-48,-35,17,28,48,11,-7,35,36,14,-18,-47,33,-35,42,16,23,29,16,5,-2,25,1,-36,-26,-19,15,-36,26,43,17,40,8,-32,20,18,-45,-46,47,40,0,36,-49,37,-7,-48,21,45,-32,10,-2,46,-46,7,14,-24,14,2,4,16,45,-21,-41,42,46,-8,-6,14,-5,-27,11,19
127,41,57,25,75,76,149,23,57,92,85,146,-18,30,137,-1,61,125,87,76,35,1,94,-21,97,-5,43,64,62,127,127,33,87,117,120,53,-2,113,9,132,41,3,70,11,35,22,65,90,14,-14,99,44,119,-2,30,101,96,53,78,54,7,60,110,80,115,26,33,15,60,59,-25,97,90,104,10,6,80,58,94,49,80,102,24,50,2,58,63,64,61,-6,106,94,9,104,99,131,42,140,46,-17
104,73,103,7,25,63,95,113,87,133,133,31,140,115,3,115,3,147,15,4,64,42,139,90,123,142,54,80,29,62,83,98,116,84,35,92,10,-4,131,-2,89,110,149,6,6,96,80,121,23,18,93,111,111,125,142,37,83,-12,33,32,-17,-10,58,-1,25,10,64,30,55,61,79,-18,-10,-8,64,103,42,108,58,1,36,83,31,-14,119,121,136,141,92,147,-17,-3,112,73,-11,74,27,125,130,146
-6,-25,-21,80,90,97,62,55,121,18,109,142,108,63,107,-4,9,-20,42,107,58,19,48,36,103,68,83,82,8,44,39,91,5,102,-10,96,138,34,64,96,72,40,32,16,17,22,17,73,30,-25,12,15,38,73,119,125,76,92,126,-4,-12,130,22,52,129,-7,111,-19,48,-15,8,125,65,96,10,-7,136,6,-6,56,26,-15,27,8,6,-2,28,81,132,15,-6,21,57,42,82,91,-7,130,37,-1
120,15,94,135,66,65,44,54,76,121,-4,48,133,109,19,60,119,11,87,88,148,55,93,60,53,-8,141,64,102,134,79,-18,-12,135,-18,134,141,52,93,121,96,29,90,79,-13,42,149,60,144,61,127,1,-16,67,74,40,72,9,57,48,74,130,101,91,16,-11,34,147,102,34,68,42,67,115,142,93,115,-12,47,-15,-8,56,70,16,-19,53,147,71,36,91,37,106,145,20,22,116,77,148,37,148
42,137,1,77,10,98,-13,-9,7,126,112,148,93,120,5,124,77,-9,23,74,88,36,3,56,-21,-5,48,49,19,-5,90,-23,81,-11,22,120,42,88,104,25,3,122,86,4,68,117,146,89,107,98,-24,114,73,29,129,-19,108,95,72,-10,24,88,121,-13,11,109,41,79,73,35,56,138,36,147,46,115,99,148,137,11,-1,109,91,71,-7,126,53,26,10,16,-14,97,-10,89,-24,65,-25,74,143,108
31,13,135,101,67,50,128,101,52,58,60,21,96,117,16,100,-19,20,116,-20,22,141,139,28,-15,126,56,96,3,113,64,135,44,132,2,110,149,26,25,114,38,133,116,37,-6,64,63,60,46,120,108,125,67,148,38,40,24,81,91,91,143,6,72,89,143,75,126,114,89,55,101,105,144,-24,91,39,-1,77,9,70,38,146,25,33,-20,89,43,45,68,112,61,42,85,84,120,6,36,2,43,69
44,63,12,110,10,31,73,31,148,118,29,73,110,72,139,87,-5,48,102,46,54,-8,50,7,149,16,120,68,-5,71,18,8,121,10,-11,113,146,44,6,110,83,67,29,74,36,-16,56,133,114,56,52,76,111,98,94,26,-12,-21,110,143,61,-20,10,52,75,-5,102,74,58,1,90,101,17,141,113,137,113,125,121,139,110,136,103,88,-6,91,47,-3,66,112,99,141,83,12,24,77,31,127,149,15
134,-9,55,105,15,87,-23,30,24,125,39,90,12,111,20,-23,35,115,57,-22,24,144,18,23,21,140,107,63,54,117,-18,94,137,147,-17,121,3,145,99,97,111,36,66,75,88,-24,145,103,57,66,14,1,83,-6,76,140,122,7,58,24,130,64,125,57,118,95,103,15,103,49,124,39,-9,109,16,138,52,93,84,20,144,-21,-20,138,77,131,-15,117,46,-8,148,145,62,50,117,22,60,-17,106,143
30,121,18,5,83,145,74,24,112,125,77,81,58,145,3,50,16,12,42,25,-15,60,148,2,26,118,131,112,16,85,97,-9,-8,123,141,9,0,90,57,88,80,101,22,127,102,25,128,18,36,-11,43,-24,101,104,125,120,123,-9,128,115,-11,112,-18,1,2,60,64,85,-22,143,25,75,104,104,94,34,12,-5,49,-25,139,87,51,2,16,96,39,37,148,-4,36,-16,111,92,74,118,93,-5,99,16
81,4,-17,111,56,40,-16,146,110,130,-17,146,0,0,16,38,90,67,49,63,149,97,93,98,65,90,94,58,87,95,94,115,59,76,120,5,103,13,89,54,-14,36,135,138,-18,-23,-19,-1,89,108,99,127,141,43,-10,134,61,35,20,115,95,76,34,-11,11,17,61,73,30,-14,84,51,128,145,51,88,111,104,91,62,84,69,118,128,146,117,124,-10,61,136,94,43,143,123,108,59,-23,121,102,114
219,272,212,180,189,152,21,162,269,247,137,151,53,91,122,100,247,206,37,74,8,5,289,174,40,121,15,66,87,0,150,160,264,262,230,215,147,258,289,291,225,116,196,200,125,139,63,172,80,284,26,164,68,22,133,203,282,27,129,58,127,254,64,259,87,276,187,90,160,206,253,289,217,45,148,191,109,79,39,201,47,142,286,103,274,285,82,231,119,17,233,109,118,220,154,271,42,236,103,148
118,218,117,180,197,29,75,267,206,221,67,218,226,131,87,34,181,293,160,-10,40,144,129,191,76,206,14,110,216,99,117,195,156,238,298,190,293,103,136,117,92,93,190,20,181,207,139,126,-7,243,237,201,211,177,229,274,79,226,93,290,4,265,41,97,93,172,52,288,133,196,41,67,146,32,197,247,254,99,-1,168,56,187,106,273,161,216,284,279,-2,14,100,56,-1,145,102,127,42,82,226,-1
120,148,217,274,268,-2,156,4,33,103,252,151,238,242,141,234,285,149,23,282,71,293,104,32,138,297,127,123,259,158,299,291,297,215,111,195,92,42,104,299,299,255,43,297,192,127,124,194,207,242,103,35,251,188,183,127,34,174,126,271,171,22,45,174,104,260,153,13,120,245,131,233,34,24,283,115,240,106,139,0,162,232,216,7,45,254,29,99,22,284,151,217,215,133,117,266,200,168,183,232
143,234,128,56,82,141,261,137,237,157,189,162,171,241,35,66,166,158,91,168,287,100,278,161,127,177,82,39,197,67,78,286,-7,297,241,228,37,48,114,269,113,211,298,58,272,263,96,40,9,95,74,84,110,49,294,33,256,267,229,205,48,212,239,160,68,203,158,174,-10,107,18,107,34,121,45,65,101,209,188,163,70,31,20,92,293,294,165,243,-7,197,271,70,119,209,211,200,272,128,290,59
45,72,275,136,48,5,69,274,100,126,187,154,8,63,76,28,214,126,18,110,215,-1,214,16,294,276,59,77,291,240,183,228,287,84,4,92,39,112,231,37,294,29,13,71,90,54,147,126,59,93,169,233,42,131,173,35,158,249,141,71,245,291,283,160,243,258,166,224,48,284,288,91,195,280,116,175,286,132,226,230,119,233,8,187,60,249,176,146,210,269,233,90,270,149,91,-8,45,153,128,131
278,38,26,-8,79,129,115,69,48,239,102,234,106,-9,229,161,145,41,98,109,46,132,226,-1,162,184,199,248,110,203,155,61,98,5,223,40,101,188,257,241,6,150,141,56,279,168,140,156,249,273,47,141,71,90,278,136,112,16,129,195,230,167,258,145,74,30,126,90,68,178,49,257,84,156,93,196,290,159,20,293,33,32,298,136,146,3,289,-2,26,77,228,74,48,51,1,138,191,296,281,238
-9,255,268,77,61,15,234,294,94,26,274,93,275,132,138,20,56,153,200,176,165,34,4,132,103,74,22,150,171,33,0,5,287,57,242,10,265,131,188,173,265,250,291,83,125,60,211,287,38,293,291,105,52,156,92,257,241,125,274,287,292,73,112,51,15,259,106,208,190,117,55,225,265,16,211,215,42,221,-3,33,163,35,101,178,42,195,252,120,264,285,69,129,156,200,180,181,127,230,57,165
112,289,136,230,187,14,144,286,197,268,235,197,234,125,75,183,10,246,59,156,146,47,217,98,-6,156,126,235,240,92,46,292,62,92,131,11,92,235,200,238,192,116,184,228,127,42,217,260,298,106,211,177,82,148,175,54,62,27,225,21,187,209,35,95,211,243,125,132,294,53,80,75,36,120,264,19,162,288,271,252,238,166,236,124,180,168,199,213,216,66,248,54,-1,169,40,283,70,79,6,184
299,271,257,295,202,117,14,177,24,241,128,192,183,214,71,150,249,48,-9,15,9,183,131,296,134,247,9,285,42,31,201,229,69,159,268,71,74,108,44,143,-10,207,127,60,236,55,196,287,53,31,272,47,174,39,245,106,130,261,150,254,97,29,124,292,30,198,112,14,245,299,65,130,-7,148,14,102,45,61,50,68,40,22,221,1,59,144,45,20,214,152,241,113,257,90,35,260,72,134,20,27
159,192,237,149,128,270,160,209,258,26,222,276,53,175,45,5,20,154,-7,47,175,34,278,249,245,251,201,135,213,84,77,134,5,118,217,129,17,26,81,239,210,140,237,19,71,221,13,206,118,17,270,293,105,11,242,114,214,287,203,177,58,14,296,164,248,78,261,235,257,215,288,293,63,54,136,25,97,248,168,13,228,295,7,185,113,83,18,293,176,93,215,29,122,204,170,185,143,63,70,292
50,105,226,263,137,125,53,115,71,258,-4,79,40,30,148,289,249,80,206,69,46,240,282,240,212,172,108,52,274,179,90,103,125,203,-3,145,22,116,258,91,37,28,252,220,291,78,13,150,219,57,161,32,119,1,79,110,122,285,41,265,7,-9,141,192,157,192,254,136,22,-7,257,122,121,105,21,8,287,52,249,123,148,257,132,206,7,47,284,113,113,186,12,36,64,292,74,36,186,50,52,88
190,42,190,283,292,125,153,206,60,65,235,192,203,94,201,47,47,239,148,73,262,71,210,228,220,-6,51,-6,27,276,203,151,190,176,56,137,183,49,81,202,283,23,48,117,254,43,33,134,222,210,226,248,195,250,159,108,131,262,52,288,64,149,168,83,162,73,-8,16,27,53,163,298,147,246,90,228,13,83,273,167,260,216,72,116,39,255,255,240,6,248,-5,221,296,93,127,124,155,264,255,170
232,142,95,127,183,25,38,222,243,229,156,243,127,290,101,286,291,-9,75,75,291,58,182,-7,156,225,134,68,52,7,184,125,256,44,129,274,180,82,41,214,287,136,273,-10,243,124,253,55,271,136,281,64,279,146,155,163,259,92,271,257,190,270,160,226,34,20,286,73,150,126,96,198,249,161,87,145,85,181,49,21,272,69,96,215,25,110,146,100,188,265,5,77,111,83,13,7,276,37,255,212
109,250,138,53,253,217,175,78,284,220,263,242,73,24,22,275,274,128,73,237,153,56,158,223,15,290,190,170,116,265,177,233,207,108,107,243,145,113,271,182,161,37,4,43,177,189,279,207,173,110,5,121,262,280,239,43,82,215,27,262,17,-6,262,8,33,19,24,265,217,78,119,150,156,190,65,105,41,104,35,126,0,282,297,-4,249,46,270,227,169,54,151,230,75,-2,155,156,75,296,0,147
114,36,228,278,273,42,25,84,3,161,69,256,286,128,144,84,106,183,250,285,87,209,230,100,159,200,162,-8,32,59,157,173,125,211,92,150,78,116,57,135,263,161,140,217,239,60,295,118,103,129,159,163,212,221,110,205,106,117,108,63,180,23,41,244,-6,195,120,64,25,293,-5,290,115,104,11,226,58,3,160,89,204,33,188,203,199,294,260,204,90,187,34,260,-3,294,255,230,109,195,213,34
193,183,-2,-5,145,28,296,190,288,114,120,112,8,267,255,170,12,4,215,194,259,121,191,94,53,234,65,59,-4,215,247,144,115,127,116,282,159,26,149,170,278,133,236,32,40,165,125,282,150,175,202,155,273,73,145,62,292,204,241,210,262,226,183,63,166,275,297,180,141,272,0,285,154,35,216,115,185,149,43,187,98,83,209,120,2,82,171,32,281,43,290,255,84,239,207,41,249,162,165,64
102,142,226,214,117,226,262,212,-9,122,195,25,63,145,274,152,270,139,173,152,189,-6,207,127,4,183,290,252,1,203,218,142,210,85,148,260,141,59,69,236,61,199,285,235,182,67,100,263,214,276,7,234,105,130,122,98,235,88,200,233,236,-1,201,88,203,43,115,278,297,3,1,201,60,237,81,289,9,271,245,236,72,16,28,25,186,283,26,69,262,39,15,42,158,135,299,51,298,186,21,129
261,193,131,231,161,218,62,217,155,222,244,258,274,-9,89,151,152,177,138,21,240,187,274,84,62,262,184,179,-3,73,230,238,2,217,117,2,-3,254,-4,46,151,117,175,96,42,299,215,42,133,2,17,165,105,183,130,63,218,37,158,198,24,182,209,71,291,-5,245,46,174,76,144,197,171,82,169,113,2,168,32,62,37,131,36,294,45,55,123,119,77,43,84,260,86,97,11,269,207,94,105,36
27,263,44,157,291,185,-6,275,162,129,110,152,147,37,231,25,49,147,185,235,122,131,33,211,8,190,168,260,69,289,264,251,198,171,195,-8,287,-9,55,36,74,233,120,291,200,253,31,26,245,54,76,217,192,263,261,196,219,133,139,90,6,33,196,173,164,158,253,276,142,229,38,47,82,138,150,189,1,42,0,55,148,131,4,4,203,37,49,235,210,298,72,143,152,264,19,31,27,247,116,31
16,-5,106,260,102,114,275,145,290,209,85,248,-8,274,57,183,205,16,170,127,114,182,291,222,55,296,163,97,207,283,129,218,2,48,169,225,178,112,169,225,297,164,216,121,146,179,86,70,48,217,284,178,287,142,234,133,3,184,195,106,250,168,237,-4,70,166,236,244,94,131,-6,82,146,244,129,249,266,159,65,175,200,83,38,289,299,250,231,160,113,26,212,294,217,53,274,119,226,209,41,279
387,413,504,7,414,59,408,116,366,182,32,594,410,5,460,490,70,239,146,24,145,204,256,119,258,494,321,347,99,537,346,290,276,210,382,412,501,171,170,435,170,558,114,150,249,206,182,566,16,431,377,250,516,226,533,173,146,375,348,520,338,50,6,428,435,342,308,189,222,38,589,499,58,311,453,186,79,96,469,42,301,354,321,267,150,86,373,39,277,199,255,115,422,250,86,109,542,286,315,506
33,15,25,444,422,116,185,427,486,122,370,74,418,354,-2,515,424,498,414,546,254,-8,534,16,308,138,74,108,192,392,384,552,199,389,363,550,555,34,323,534,103,289,311,366,471,508,404,582,124,114,500,119,416,448,74,31,80,-1,126,274,32,67,224,84,338,418,474,19,591,47,560,380,165,480,432,565,281,158,144,400,333,91,584,68,491,255,125,351,304,322,460,545,508,39,492,26,55,216,18,42
283,229,459,224,137,168,508,550,31,505,278,584,546,281,297,62,355,270,482,57,446,229,558,93,462,208,159,4,187,83,153,84,444,561,299,413,571,588,133,385,473,186,558,117,25,552,292,246,25,374,302,200,565,459,202,44,271,355,361,528,-2,494,352,548,342,184,129,584,581,484,90,366,126,87,183,250,271,431,57,510,516,512,579,412,380,552,118,585,349,245,132,205,216,205,376,579,433,-1,375,441
544,426,313,18,500,71,555,547,390,450,267,521,353,349,452,385,217,199,221,396,481,547,6,97,470,411,537,446,67,74,407,219,484,97,303,340,17,598,120,536,52,33,304,544,391,62,184,257,121,72,123,-1,555,32,386,597,409,205,148,78,133,98,470,305,33,37,27,245,36,101,357,218,68,284,334,437,232,62,306,397,217,270,315,594,550,397,264,442,311,306,531,412,440,32,393,553,163,598,501,344
326,251,17,532,221,186,245,383,524,118,135,456,247,129,510,354,169,514,90,587,501,68,58,422,195,48,522,551,474,484,438,101,129,577,531,194,328,477,343,132,270,352,184,515,103,527,135,473,138,439,332,73,117,410,387,248,182,195,327,163,263,293,509,30,280,23,317,270,197,306,16,292,160,557,307,138,483,143,308,268,512,39,403,24,141,354,584,319,179,273,1,123,140,170,469,576,443,143,225,69
139,224,215,77,439,67,467,67,224,536,405,524,216,437,376,127,44,313,173,-4,496,329,210,416,446,56,510,39,184,390,415,583,87,123,297,368,362,420,514,74,13,74,119,58,489,244,594,222,475,3,396,598,394,156,274,409,4,398,231,372,156,418,482,434,111,422,426,83,129,-2,365,223,398,89,583,411,200,142,526,192,62,278,163,170,593,416,179,531,449,487,354,563,179,132,517,195,192,284,546,57
164,131,274,103,-8,-4,498,210,195,385,274,84,325,112,168,564,-2,379,393,586,90,343,169,177,124,416,517,566,530,565,414,146,479,476,193,67,571,299,536,436,353,100,136,531,428,438,581,109,444,99,251,474,119,381,234,420,562,87,579,176,78,531,279,230,570,117,204,448,518,91,592,299,442,557,222,589,197,237,348,285,434,398,112,420,304,539,17,87,232,372,104,473,320,350,347,421,420,506,560,300
178,86,539,286,50,425,306,479,0,23,131,212,456,48,301,489,304,483,581,121,173,165,441,522,449,18,170,42,301,23,335,17,-10,501,422,358,55,597,200,231,80,560,478,139,416,352,171,475,214,208,242,182,15,463,175,3,244,6,437,21,245,253,167,576,287,103,211,555,225,543,424,307,273,339,30,212,286,292,95,86,447,294,428,82,381,143,-8,126,316,409,103,38,149,168,586,426,383,501,452,302
139,194,399,583,526,447,439,460,307,491,247,376,160,165,453,499,457,69,491,497,444,508,507,372,495,54,389,525,60,235,346,160,187,435,580,355,391,591,337,98,151,45,439,535,368,37,132,237,158,230,314,100,317,306,54,230,286,17,77,462,48,514,390,62,134,77,179,324,185,87,97,466,331,382,335,389,59,572,-6,447,521,142,357,430,521,236,442,480,370,340,59,364,503,475,40,237,255,367,391,281
326,411,449,99,498,81,497,255,540,50,383,530,292,198,176,34,21,379,274,414,273,231,407,352,-10,18,435,151,510,575,383,290,195,406,404,401,110,220,28,296,77,312,592,387,259,9,149,319,249,385,236,320,157,538,459,84,-6,87,99,469,245,335,345,565,266,82,324,485,393,375,524,401,340,578,327,560,239,10,83,580,469,105,502,114,328,53,123,257,547,309,397,13,110,159,40,341,566,16,110,166
118,527,343,540,112,272,298,161,85,421,360,141,355,90,472,553,303,208,16,320,327,211,554,488,332,293,187,262,40,183,532,587,586,557,592,313,365,437,192,195,402,234,331,395,333,44,377,476,396,380,260,230,534,361,557,507,572,455,198,418,75,26,111,502,489,373,154,398,97,148,177,466,6,420,518,82,480,149,145,278,516,310,466,259,523,292,42,215,599,75,341,510,229,373,109,366,113,428,505,560
148,519,316,32,370,526,556,376,408,308,172,331,329,302,231,383,565,247,235,533,208,365,426,405,35,334,17,223,413,80,365,592,223,307,441,492,198,154,118,397,296,140,16,341,374,98,78,262,248,234,305,420,308,358,12,382,82,510,597,26,499,322,563,317,542,179,97,11,460,338,174,401,119,438,226,57,339,74,20,536,246,354,575,168,375,545,273,465,285,49,399,287,156,82,497,573,177,298,399,185
58,272,247,9,48,587,321,542,204,217,163,209,218,500,56,280,427,507,289,480,525,323,272,480,375,66,33,441,293,331,487,560,92,163,445,275,377,493,393,-1,368,288,294,274,146,290,361,381,587,351,88,215,582,88,385,335,-10,367,233,582,543,479,239,473,330,202,106,44,45,380,502,533,104,279,102,226,18,598,324,74,304,252,454,541,233,261,578,-6,378,100,275,0,249,411,55,488,39,421,543,543
124,520,344,496,198,74,70,134,192,138,73,272,572,407,184,143,498,480,45,162,-8,352,534,59,212,503,389,-9,215,34,416,316,8,258,346,13,198,356,513,485,40,411,72,19,-6,74,524,260,498,557,259,296,376,155,599,372,586,274,273,294,285,69,518,148,322,356,253,303,50,161,544,131,567,159,111,180,269,504,54,127,579,119,92,258,375,109,540,453,259,573,27,523,72,208,189,570,493,524,296,238
319,389,458,526,484,443,196,375,361,215,10,280,349,276,571,525,342,455,189,2,250,198,117,474,257,85,96,315,465,526,505,211,8,9,31,408,534,559,313,154,223,164,303,13,550,175,80,581,6,201,406,546,235,382,361,110,262,583,258,389,336,481,509,435,309,398,262,329,235,152,590,382,132,25,379,75,494,94,523,72,-5,114,298,253,109,558,576,225,247,520,135,551,290,524,417,341,254,468,303,141
6,415,567,459,134,513,307,196,513,490,87,376,279,184,65,24,445,584,478,378,265,411,562,93,481,-3,563,331,60,230,517,501,553,148,278,185,545,355,145,459,249,545,397,465,450,268,59,183,177,245,378,251,100,113,510,194,452,463,577,127,549,576,126,273,572,186,422,120,506,480,78,79,428,8,119,320,4,87,242,203,537,370,143,414,451,256,391,430,237,74,333,72,377,8,510,272,408,113,493,254
522,279,47,455,194,330,271,479,302,400,88,112,409,315,278,512,89,289,524,561,459,146,217,17,24,357,149,411,313,485,159,161,344,196,461,360,138,146,536,246,439,32,28,347,132,93,144,373,158,211,445,569,44,294,467,365,51,20,421,437,170,459,155,417,230,526,368,202,454,517,363,543,353,268,111,416,108,470,484,530,202,375,243,92,29,189,106,40,329,85,299,108,324,89,65,580,476,210,106,205
64,216,6,443,301,191,345,110,45,340,480,599,287,517,106,218,540,459,176,165,94,379,106,426,405,577,555,334,183,287,247,338,111,119,440,359,153,427,313,141,538,444,475,349,356,591,352,52,420,260,305,-7,85,292,350,285,100,180,28,323,236,1,526,357,82,131,477,157,66,346,54,102,135,24,226,250,503,356,59,414,215,493,513,523,582,243,243,419,369,145,249,573,389,589,505,527,517,107,257,215
79,574,77,13,24,76,56,502,462,571,183,583,440,209,509,2,539,440,407,47,-5,301,436,51,316,77,136,460,270,108,281,520,304,531,326,183,477,223,385,368,311,281,115,267,330,264,35,167,481,204,279,439,400,485,276,378,127,15,297,546,539,195,221,344,280,263,268,508,482,315,124,306,45,28,336,313,175,158,320,41,32,569,578,56,428,441,109,419,244,548,45,452,526,438,429,105,50,370,587,57
558,335,141,240,78,431,327,311,54,399,298,586,221,102,454,598,470,293,554,32,481,498,295,253,250,413,294,50,553,572,141,249,360,405,571,27,135,467,301,457,297,493,109,187,203,196,183,527,355,328,394,337,130,421,110,49,30,487,590,264,126,267,357,82,248,38,216,415,131,417,452,-7,592,86,335,587,379,97,40,43,219,366,294,215,167,404,109,538,285,511,596,248,477,26,321,19,126,16,539,154
256,15,314,275,512,385,124,105,203,153,71,401,524,221,447,480,475,387,371,305,164,369,2,250,552,490,220,468,344,509,7,514,525,294,131,369,320,-1,128,198,13,319,178,223,316,132,391,422,2,186,403,540,63,30,338,486,3,53,322,11,155,256,361,293,136,157,475,219,79,67,150,465,249,163,281,444,181,378,534,410,89,397,455,147,95,66,440,484,556,244,356,256,277,106,32,357,558,485,77,149
381,268,462,67,414,15,458,46,75,98,141,18,267,553,268,103,413,285,349,576,419,515,202,370,162,381,474,481,193,95,66,235,27,202,452,583,10,80,511,291,33,247,113,409,454,56,60,257,58,20,542,207,501,475,481,465,56,82,505,23,141,577,452,580,21,506,590,54,90,284,83,323,373,47,533,162,391,393,516,96,310,207,412,163,152,458,333,151,320,586,517,527,175,478,140,55,394,133,377,547
194,179,477,220,165,348,225,359,138,202,148,91,90,563,568,1,536,584,91,194,438,366,290,316,303,310,361,119,319,437,401,376,288,333,361,364,234,597,165,531,236,582,343,564,123,171,25,246,523,85,327,544,502,17,66,427,488,150,517,454,586,95,30,301,400,371,403,356,191,194,367,539,408,160,557,456,13,326,183,121,275,105,196,223,99,457,473,260,257,534,475,73,69,311,544,131,541,32,153,351
81,420,164,233,134,250,-6,281,538,408,403,302,504,407,479,549,292,277,100,485,134,224,254,381,583,450,439,404,281,45,153,439,246,304,106,451,236,446,194,101,382,101,271,215,538,351,454,325,563,301,259,188,388,548,128,456,156,383,249,283,411,189,599,483,244,564,45,190,290,18,302,445,73,598,92,22,553,28,443,222,596,103,441,579,385,565,40,298,166,250,284,453,186,511,289,183,101,388,571,573
469,280,87,54,194,495,3,453,334,73,51,71,595,164,106,561,321,276,11,362,444,81,181,260,441,382,402,369,387,374,316,523,506,548,24,63,470,365,482,393,102,445,111,110,398,173,552,289,535,454,215,431,263,459,333,377,89,426,213,411,83,233,55,559,356,128,165,36,130,33,81,555,394,218,249,599,570,61,461,258,430,102,433,533,149,485,249,36,204,246,573,33,142,60,300,468,379,152,353,260
570,7,351,540,479,416,219,3,125,419,69,472,592,265,130,590,93,19,482,370,161,437,577,165,388,374,68,102,554,5,217,152,168,111,147,437,318,588,138,94,562,458,281,33,231,535,423,389,370,340,208,160,467,465,577,122,29,176,142,95,338,107,48,110,192,516,293,471,108,292,262,104,481,378,408,303,146,534,533,453,550,278,331,204,396,46,284,303,133,14,398,131,436,32,356,444,399,160,441,314
408,531,88,174,521,571,257,283,477,239,392,581,71,176,468,523,22,584,375,115,205,-3,180,405,-1,433,553,12,392,311,97,428,141,259,317,303,369,113,32,212,112,0,114,263,155,24,46,41,305,597,79,147,275,504,366,401,341,282,165,78,7,234,491,156,131,564,430,412,459,154,144,509,541,152,-8,194,482,516,240,574,376,502,306,394,222,550,142,237,492,516,562,76,548,553,195,477,109,558,121,191
265,587,180,573,1,311,483,366,517,462,100,361,66,515,376,133,77,343,475,158,459,531,520,375,205,46,545,428,191,348,568,194,459,192,203,381,273,186,569,8,300,562,234,195,321,247,382,183,520,500,341,312,53,60,121,334,57,404,358,555,366,45,164,158,494,505,501,473,302,595,459,491,373,456,458,496,286,314,44,557,263,351,508,291,-4,246,130,388,61,469,313,468,427,4,242,244,387,65,301,415
85,536,408,322,485,543,106,350,301,329,86,7,344,473,440,121,180,344,282,-4,290,356,533,88,355,569,191,108,74,459,140,539,562,107,204,86,415,245,480,188,183,281,167,72,96,570,203,312,447,151,439,179,573,155,217,329,-7,309,567,515,341,597,265,441,178,147,45,227,259,343,305,535,463,84,413,-1,178,450,592,385,356,478,261,523,10,561,565,396,489,474,83,95,278,565,446,185,5,325,494,549
268,64,534,66,544,74,591,534,110,440,390,27,144,237,173,174,217,14,126,127,352,463,299,88,307,509,56,530,467,275,-1,581,296,373,299,384,520,546,336,396,440,49,577,178,160,17,525,91,226,189,435,587,155,315,340,404,364,435,358,24,7,51,56,434,431,409,331,370,537,388,253,271,278,330,286,293,485,111,527,280,584,565,293,267,440,11,416,581,23,495,10,74,177,301,378,379,592,133,346,351
409,323,553,329,189,127,541,262,241,186,63,366,45,466,176,126,598,460,534,489,263,468,131,535,424,460,253,317,401,101,576,527,589,344,168,397,318,265,219,576,378,567,585,500,232,25,285,29,495,67,59,469,463,7,70,541,182,7,505,329,473,214,460,130,210,136,376,300,288,378,408,322,230,557,100,295,483,230,293,389,164,214,421,324,31,96,53,572,263,227,204,300,360,490,93,153,97,445,280,86
141,398,311,327,512,78,133,8,257,198,466,90,287,3,358,80,267,484,553,367,274,180,297,548,271,529,74,360,379,211,389,504,45,269,180,302,590,552,296,325,356,499,497,294,44,509,35,108,282,385,453,435,4,337,248,560,91,362,46,582,-7,372,228,36,409,562,35,8,423,45,90,314,178,217,1,374,283,-8,494,361,484,566,68,593,357,554,489,307,11,219,201,218,496,314,321,583,260,451,485,81
304,7,23,454,272,337,543,499,419,408,157,358,198,47,272,557,-1,168,305,320,399,208,50,353,544,493,59,185,444,556,198,167,325,228,6,351,132,204,506,299,-4,161,125,524,526,570,99,33,474,316,209,71,349,426,538,85,556,269,510,378,268,348,45,463,200,589,22,570,31,521,415,394,262,-4,313,227,73,126,427,573,384,16,310,118,336,117,418,498,289,520,394,462,293,117,21,248,106,261,313,536
573,379,381,513,272,69,329,126,472,248,337,136,53,310,554,502,235,65,284,87,281,424,-6,258,467,206,152,68,40,456,257,484,205,386,0,112,336,384,133,505,60,525,393,428,70,279,542,262,178,336,511,61,224,441,150,139,374,112,36,55,517,250,76,6,591,453,530,266,300,432,155,450,531,378,16,356,21,166,178,177,263,489,489,303,544,186,249,364,225,460,337,213,338,67,588,409,438,376,437,217
405,166,582,177,583,489,158,122,71,506,153,266,43,350,264,337,227,59,507,455,332,108,129,310,463,210,34,340,-6,523,162,456,179,115,496,139,554,175,416,404,157,73,498,566,309,267,27,387,453,149,287,87,420,289,229,287,26,262,314,363,444,417,117,148,334,297,77,527,453,115,383,41,243,93,288,249,210,163,-9,186,173,247,487,445,225,64,25,489,486,199,102,282,461,43,559,340,556,339,222,2
230,408,250,250,76,524,409,161,29,530,77,509,71,111,230,310,588,514,71,402,259,536,30,346,199,421,525,442,313,267,24,39,500,120,482,338,363,95,454,13,38,376,147,194,328,251,535,35,123,579,410,33,95,502,307,294,368,503,41,255,598,566,447,362,495,27,-2,550,229,492,547,483,49,48,354,482,378,435,8,548,485,479,308,333,456,591,543,598,413,177,569,459,44,189,14,71,528,384,299,290
393,88,240,470,376,229,192,246,361,97,32,130,285,264,472,23,526,304,245,114,131,572,300,302,115,518,437,22,572,160,192,576,43,509,69,426,23,456,344,429,16,433,499,88,274,341,187,281,51,239,414,24,228,186,366,420,388,537,345,458,391,160,273,190,504,55,77,376,185,36,599,60,559,415,88,297,63,201,18,373,320,146,570,322,345,157,338,457,132,248,27,85,101,486,28,455,149,298,184,208
135,364,582,252,152,267,304,341,271,531,406,60,501,412,425,94,260,91,238,350,157,547,193,595,228,493,281,214,166,287,296,19,282,318,307,510,182,326,295,26,234,296,462,208,541,63,265,404,375,538,328,508,317,26,92,188,160,586,14,259,585,79,165,584,224,377,378,172,95,515,511,533,396,202,106,461,74,585,44,154,217,477,439,227,558,387,302,246,215,108,339,195,302,25,41,145,121,478,583,154
399,99,93,528,66,432,211,156,539,357,414,146,476,22,157,404,74,405,502,545,563,35,483,524,481,11,209,554,247,308,440,127,38,1,334,109,373,461,90,372,260,501,476,376,375,475,260,495,578,492,62,529,478,595,310,354,216,169,37,44,212,257,508,221,517,277,97,464,287,37,20,213,304,120,274,52,159,96,138,-5,350,313,575,355,235,510,248,43,291,580,493,194,414,36,149,-8,592,244,459,88
393,416,186,530,391,284,221,133,569,489,140,64,186,584,372,556,292,542,274,411,425,186,206,246,560,198,176,531,111,132,59,142,49,35,103,277,343,32,148,582,263,420,589,249,240,347,510,304,339,315,186,298,66,398,186,196,200,539,570,183,97,289,11,427,420,598,4,140,470,84,202,249,384,291,138,-6,197,556,-4,202,287,472,182,395,545,360,65,250,449,507,67,404,62,565,475,573,398,151,429,242
216,441,245,221,290,-10,281,194,495,253,104,52,269,157,270,381,203,309,213,431,498,433,270,451,11,267,444,340,19,493,4,249,504,136,27,477,256,303,178,13,576,21,215,355,63,377,510,478,135,572,91,241,399,92,432,382,161,393,199,12,145,540,165,-8,238,454,147,122,120,392,114,500,120,189,455,467,208,514,378,234,357,566,195,46,392,363,450,402,303,244,306,463,94,155,467,25,455,212,106,209
247,304,457,205,196,556,96,369,171,195,586,257,470,499,568,179,332,425,224,418,41,419,171,368,180,447,444,61,369,90,388,268,145,214,446,127,485,502,379,83,140,368,167,190,382,250,448,369,560,503,580,462,466,141,125,427,123,79,15,348,101,24,-10,70,406,308,101,246,43,430,294,429,35,131,267,273,241,580,586,530,598,65,100,466,110,526,402,-6,78,8,-6,396,477,20,581,105,368,87,384,63
524,264,336,210,577,531,396,372,67,203,393,297,76,368,293,489,89,412,37,2,340,101,523,450,530,573,429,355,136,-5,468,80,115,348,70,132,419,103,265,344,534,10,-4,80,435,529,500,554,517,113,352,78,223,281,409,413,340,486,280,-7,91,30,226,61,335,302,171,327,287,151,60,585,137,292,68,320,94,433,5,-10,63,475,438,12,242,380,457,433,538,257,392,533,423,262,242,494,384,534,344,122
96,11,525,212,25,491,83,362,103,592,46,132,455,509,563,278,384,322,122,416,243,35,455,250,91,178,153,219,517,146,127,436,122,509,516,205,54,225,268,569,211,532,340,507,148,584,442,525,555,420,549,210,563,445,142,50,156,265,110,446,327,464,445,556,455,210,0,545,592,347,213,149,44,152,195,311,295,547,91,106,336,228,263,86,196,516,473,276,357,456,39,389,104,421,232,346,76,383,42,538
26,349,591,93,266,599,569,520,408,405,255,77,135,540,215,85,262,92,384,574,515,374,597,21,577,521,169,423,102,30,343,562,214,279,226,405,296,457,176,249,319,477,207,419,359,266,463,207,535,398,521,175,50,568,38,252,352,559,116,344,420,135,408,367,52,292,463,456,303,409,388,405,515,125,244,27,156,167,261,301,48,561,488,303,109,158,502,245,230,574,43,337,330,432,428,173,59,440,356,56
394,186,597,216,25,60,101,119,328,366,-1,110,135,42,49,204,450,517,584,404,380,14,124,87,198,324,155,298,459,320,535,498,203,85,554,258,473,306,599,366,85,350,553,257,141,540,153,312,273,13,262,82,303,552,263,370,52,499,7,301,505,403,259,-3,430,101,507,40,88,390,330,133,518,207,309,19,60,466,546,258,160,442,15,435,48,443,184,251,421,174,196,573,288,288,460,282,80,545,427,30
149,309,595,278,42,0,533,132,510,77,477,454,567,580,328,441,192,570,415,466,489,335,137,598,485,243,26,576,93,261,27,14,463,176,58,459,2,445,586,372,497,194,482,123,297,278,519,161,548,197,-3,101,180,92,47,414,162,596,392,399,574,556,28,238,40,453,591,380,512,468,428,346,583,33,568,285,452,4,290,197,323,464,17,496,254,526,433,361,118,243,287,5,43,177,397,541,155,233,72,444
164,257,312,94,287,315,557,573,272,479,412,491,64,449,4,438,-10,109,516,178,470,279,429,556,521,260,445,562,220,28,61,207,67,431,300,382,174,38,388,520,223,293,537,128,427,45,178,127,125,455,544,268,550,429,435,484,427,355,173,17,470,594,342,233,408,195,414,233,139,221,253,551,321,596,554,166,342,291,119,465,71,308,427,365,84,392,256,238,595,415,554,418,465,361,39,228,550,293,320,221
338,-9,283,528,138,324,90,49,183,386,74,481,181,57,71,33,113,403,367,45,548,428,188,594,199,197,236,439,96,45,567,523,581,196,571,535,379,506,429,178,401,345,388,239,351,71,65,105,424,149,464,129,48,466,228,509,402,288,319,541,78,250,552,128,418,151,500,584,85,135,254,207,573,178,243,193,30,549,233,118,121,120,5,547,181,427,464,104,568,52,123,81,176,487,90,140,393,250,420,189
51,155,349,428,529,521,295,239,89,-7,225,413,60,354,206,159,291,382,427,375,404,517,495,123,259,107,324,72,337,544,515,116,485,260,295,575,237,104,176,391,577,208,562,128,573,335,117,328,115,143,185,507,86,10,435,134,259,216,158,411,186,212,502,144,78,99,528,399,48,231,522,176,196,25,397,186,555,357,149,524,590,596,557,183,349,-3,20,465,424,151,305,11,546,364,194,355,305,407,39,464
301,580,417,485,216,66,255,163,251,-9,325,393,-8,497,212,450,460,326,312,13,549,-2,153,187,507,425,549,125,12,597,441,399,62,46,158,50,192,137,577,62,416,57,508,492,499,106,308,460,226,268,203,174,260,146,547,292,417,219,577,390,117,120,141,253,149,526,321,545,328,152,248,312,348,239,196,482,89,260,287,391,107,79,498,343,384,257,128,516,99,466,233,572,160,176,545,286,515,244,333,573
579,562,296,319,54,595,112,576,534,66,82,345,222,54,421,99,517,422,578,326,165,126,296,454,30,103,585,582,152,161,295,217,482,40,242,7,142,530,32,296,499,384,157,280,554,26,50,134,90,417,568,296,499,261,9,443,255,441,279,550,0,130,414,363,371,464,463,172,412,403,556,587,379,271,427,380,568,6,499,-7,42,440,481,334,192,599,317,210,21,399,351,300,241,81,286,358,569,394,508,80
267,303,39,171,418,84,9,194,438,32,475,210,484,60,264,314,285,516,278,187,365,585,98,134,233,150,185,312,56,86,286,225,491,499,295,287,144,510,427,305,295,385,302,88,305,199,594,194,480,544,5,323,184,172,98,282,195,505,537,258,498,296,127,342,345,239,318,585,364,577,159,375,78,572,491,580,273,0,428,24,155,590,432,112,70,563,30,309,390,3,81,239,572,158,406,599,248,559,342,56
549,71,414,409,10,275,213,501,251,20,95,-3,454,256,-10,80,151,-8,223,11,258,277,376,181,193,282,-3,271,526,46,492,521,211,533,204,422,447,357,15,198,157,402,199,551,133,176,84,413,217,523,5,528,15,394,522,262,294,223,206,328,267,541,574,194,127,173,385,520,42,168,233,393,577,15,454,456,67,424,37,6,188,183,44,-8,31,564,496,417,1,541,117,214,141,287,530,215,427,-6,413,559
218,473,363,577,425,179,360,449,354,425,274,373,455,-5,264,508,454,251,376,136,558,506,566,205,592,413,61,142,397,97,360,192,270,402,594,539,50,454,415,218,270,439,319,182,524,95,593,-6,182,376,404,249,270,546,241,311,507,148,584,1,108,207,42,247,54,72,92,43,0,324,448,-10,436,147,466,108,177,374,280,487,420,56,560,10,292,101,521,324,150,272,22,502,469,403,100,52,387,62,117,442
439,23,500,269,115,374,492,329,266,241,59,241,519,338,171,395,173,550,199,239,213,195,39,368,512,424,406,275,229,482,384,321,420,-9,312,284,499,313,468,107,435,128,63,507,338,14,317,578,37,536,74,471,382,39,160,233,584,122,357,291,568,206,89,384,456,337,421,517,16,487,495,459,72,82,404,75,122,131,20,488,96,427,228,293,397,512,538,371,430,68,299,367,556,166,139,218,28,279,41,-10
272,324,6,554,372,99,503,326,324,77,390,257,94,67,19,522,403,511,116,534,304,133,229,319,421,138,272,398,197,-6,86,441,83,39,383,32,329,269,357,577,165,133,30,569,281,201,574,-5,290,153,412,3,281,108,117,129,85,287,122,224,426,94,119,320,590,548,164,45,283,587,183,124,144,138,358,161,92,259,27,210,163,267,97,33,181,73,150,574,521,244,547,32,136,122,140,60,3,310,579,333
24,298,143,321,118,248,447,528,79,253,43,556,417,149,407,131,578,589,174,364,190,511,289,331,295,69,280,9,229,77,103,521,369,240,574,418,343,364,138,247,389,511,348,58,30,65,34,189,151,197,283,440,544,199,183,113,-2,411,15,39,568,427,289,-9,140,121,177,166,174,589,388,204,441,527,574,279,152,221,290,219,24,80,458,21,394,263,576,160,47,451,409,532,339,88,279,561,212,347,517,509
508,24,74,293,421,516,484,353,32,533,383,115,134,461,324,442,412,520,2,216,524,363,420,456,445,340,85,486,3,349,194,573,149,142,51,122,166,455,447,107,247,14,255,591,535,364,438,236,274,353,148,-4,49,470,161,134,203,217,448,71,421,597,340,283,329,410,565,591,400,192,266,556,62,495,568,499,97,429,520,71,502,449,201,249,191,187,513,279,581,516,519,548,-3,366,285,249,274,572,251,115
189,122,123,322,468,100,568,30,375,466,234,259,30,140,359,382,592,481,10,398,217,137,76,266,223,595,404,249,243,518,325,216,132,449,156,211,18,110,405,2,5,320,575,29,414,466,517,353,457,224,364,341,18,232,528,41,36,457,88,472,296,309,387,456,130,8,117,181,584,137,354,471,66,-2,382,497,162,37,451,357,68,41,391,8,144,583,187,499,520,105,165,161,12,532,305,296,533,108,498,396
